{"stats":{"minecraft:used":{"minecraft:oak_fence":32,"scguns:locust":225,"scguns:rat_king_and_queen":588,"minecraft:stone_sword":36,"minecraft:enchanting_table":1,"vampirism:advanced_vampire_spawn_egg":1,"simplyswords:harbinger":148,"vampirism:altar_infusion":1,"minecraft:chest":6,"minecraft:stone":16,"minecraft:zombie_spawn_egg":73,"vampirism:blood_container":2,"scguns:powered_macerator":1,"minecraft:torch":50,"vampirism:vampire_hunter_spawn_egg":20,"scguns:whispers":128,"minecraft:skeleton_spawn_egg":97,"vampirism:advanced_vampire_hunter_spawn_egg":38,"minecraft:oak_fence_gate":2,"minecraft:bookshelf":14,"minecraft:villager_spawn_egg":70,"minecraft:grass_block":73,"scguns:lightning_battery":3,"vampirism:blood_sieve":1,"minecraft:barrel":2,"minecraft:stone_bricks":4,"minecraft:emerald_block":1,"minecraft:furnace":2,"alexsmobs:spawn_egg_giant_squid":5,"minecraft:gold_block":1,"scguns:polar_generator":1,"minecraft:cow_spawn_egg":13,"vampirism:altar_inspiration":3,"scguns:gun_bench":1,"minecraft:redstone_block":1,"minecraft:cobblestone_slab":31,"vampirism:blood_grinder":1,"minecraft:diamond_block":2,"scguns:astella":38,"minecraft:crafting_table":1,"sons_of_sins:osseous_sword":42,"minecraft:blast_furnace":1,"scguns:sculk_resonator":56,"minecraft:book":1,"mobs_of_sins:tentacle_sickle_of_struggle":81,"boh:the_slasher":36,"scguns:powered_mechanical_press":1,"minecraft:pig_spawn_egg":7,"vampirism:altar_pillar":19,"minecraft:deepslate":5,"vampirism:altar_tip":7,"minecraft:cobblestone":11,"minecraft:potion":2,"vampirism:vampire_baron_spawn_egg":6,"vampirism:coffin_black":1,"alexsmobs:animal_dictionary":1},"minecraft:custom":{"minecraft:mob_kills":461,"vampirism:interact_with_altar_of_infusion":26,"minecraft:interact_with_crafting_table":3,"minecraft:open_barrel":3,"vampirism:action_time_bat":1353,"minecraft:damage_dealt_resisted":35671,"minecraft:leave_game":7,"minecraft:time_since_death":35146,"minecraft:climb_one_cm":18260,"vampirism:tasks_completed":6,"minecraft:sprint_one_cm":176144,"vampirism:amount_bitten":24,"minecraft:walk_one_cm":388685,"vampirism:interact_with_coffin":4,"vampirism:interact_with_totem":3,"minecraft:drop":12,"vampirism:action_time_regen":798,"vampirism:skills_unlocked":26,"vampirism:capture_village":1,"minecraft:damage_dealt_absorbed":120,"minecraft:talked_to_villager":1,"vampirism:infected_creatures":31,"minecraft:play_time":241368,"vampirism:interact_with_altar_inspiration":39,"minecraft:deaths":1,"minecraft:sneak_time":3503,"minecraft:walk_under_water_one_cm":804,"minecraft:jump":1503,"minecraft:interact_with_blast_furnace":4,"minecraft:walk_on_water_one_cm":6718,"vampirism:interact_with_blood_grinder":5,"minecraft:enchant_item":9,"minecraft:total_world_time":241368,"vampirism:blood_drunk":4300,"vampirism:win_village_capture":1,"minecraft:interact_with_furnace":2,"vampirism:altar_of_inspiration_rituals_performed":7,"vampirism:interact_with_research_table":1,"vampirism:interact_with_garlic_diffuser":2,"vampirism:action_used_bat":2,"minecraft:sleep_in_bed":4,"vampirism:actions_used":35,"vampirism:altar_of_infusion_rituals_performed":10,"minecraft:time_since_rest":35191,"vampirism:action_used_regen":2,"minecraft:damage_taken":1229,"vampirism:tasks_accepted":7,"minecraft:damage_dealt":25393,"minecraft:fly_one_cm":832332,"minecraft:open_chest":44,"minecraft:crouch_one_cm":3688,"vampirism:action_used_infect":31,"minecraft:fall_one_cm":13542},"minecraft:picked_up":{"sophisticatedbackpacks:gold_backpack":1,"boh:vhs_tape":2,"sons_of_sins:golem_cuirass":4,"minecraft:chainmail_boots":1,"minecraft:chicken":2,"simplyswords:harbinger":1,"minecraft:potion":1,"minecraft:enchanted_book":1,"sons_of_sins:muscle":1,"vampirism:pure_salt_water":7,"minecraft:iron_leggings":2,"vampirism:obi_belt":1,"simplyswords:runic_tablet":1,"minecraft:beef":45,"scguns:ramrod_round":20,"minecraft:poppy":6,"minecraft:diamond_hoe":1,"born_in_chaos_v1:shattered_skull":1,"sophisticatedbackpacks:backpack":1,"minecraft:porkchop":3,"vampirism:holy_water_bottle_enhanced":7,"born_in_chaos_v1:nightmare_claw":1,"born_in_chaos_v1:pieceofdarkmetal":4,"vampirism:amulet":2,"sons_of_sins:ether_ashes":27,"sons_of_sins:enderman_muscle":1,"minecraft:diamond_chestplate":1,"minecraft:arrow":144,"vampirism:blood_bottle":2,"minecraft:rotten_flesh":87,"tameablebeasts:big_bird_meat":3,"vampirism:pure_blood_2":3,"minecraft:diamond_boots":1,"sons_of_sins:heart":1,"sophisticatedbackpacks:copper_backpack":2,"scguns:empty_cell":23,"scguns:astella":1,"vampirism:pure_blood_4":2,"born_in_chaos_v1:corpse_maggot":19,"vampirism:vampire_book":6,"minecraft:feather":5,"born_in_chaos_v1:monster_flesh":7,"scguns:small_iron_casing":42,"alexsmobs:bison_fur":5,"scguns:sculk_cell":30,"scguns:sculk_resonator":1,"mobs_of_sins:tentacle_sickle_of_struggle":1,"minecraft:gunpowder":3,"scguns:large_brass_casing":4,"boh:sirenphone":1,"born_in_chaos_v1:monster_skin":10,"minecraft:bone":94,"vampirism:human_heart":25,"minecraft:bow":5,"minecraft:wheat_seeds":1,"boh:the_slasher":2,"vampirism:pure_blood_1":1,"vampirism:item_garlic":6,"minecraft:iron_ingot":12,"scguns:whispers":1,"born_in_chaos_v1:ethereal_spirit":4,"born_in_chaos_v1:dark_rod":2,"minecraft:soul_torch":8,"born_in_chaos_v1:fangofthe_hound_leader":3,"minecraft:ink_sac":29,"minecraft:grass_block":1,"minecraft:leather_helmet":1,"sons_of_sins:flesh_of_demise":10,"vampirism:pure_blood_0":1,"sons_of_sins:creeper_ribs":1,"minecraft:skeleton_spawn_egg":1,"scguns:rat_king_and_queen":1,"minecraft:iron_helmet":1,"minecraft:bone_meal":2,"minecraft:baked_potato":1,"born_in_chaos_v1:rotten_fish":5,"minecraft:oak_leaves":1},"minecraft:mined":{"minecraft:grass":3},"minecraft:crafted":{"sons_of_sins:soul_steel":4,"sons_of_sins:iron_and_ether":18,"minecraft:air":0,"mobs_of_sins:tentacle_sickle_of_struggle":1},"minecraft:killed":{"vampirism:advanced_vampire":1,"born_in_chaos_v1:restless_spirit":3,"born_in_chaos_v1:maggot":27,"minecraft:horse":3,"minecraft:skeleton":93,"scguns:redcoat":1,"born_in_chaos_v1:dire_hound_leader":1,"scguns:cog_knight":1,"minecraft:chicken":1,"vampirism:advanced_hunter":48,"alexsmobs:bison":6,"born_in_chaos_v1:corpse_fish":8,"vampirism:villager_converted":21,"vampirism:vampire_baron":6,"boh:siren_head":1,"born_in_chaos_v1:spiritof_chaos":2,"boh:michael_myers":1,"vampirism:task_master_vampire":1,"minecraft:pig":2,"vampirism:hunter_trainer":1,"minecraft:iron_golem":4,"tameablebeasts:tameable_chikote":2,"minecraft:creeper":2,"born_in_chaos_v1:decrepit_skeleton":1,"vampirism:hunter":53,"alexsmobs:giant_squid":5,"born_in_chaos_v1:decaying_zombie":1,"minecraft:zombie":95,"born_in_chaos_v1:dread_hound":4,"born_in_chaos_v1:dark_vortex":1,"born_in_chaos_v1:nightmare_stalker":1,"minecraft:villager":53,"minecraft:enderman":1,"minecraft:cow":1},"minecraft:dropped":{"vampirism:item_garlic":3,"vampirism:human_heart":10,"vampirism:pure_blood_0":1,"vampirism:pure_blood_1":1,"minecraft:feather":3,"minecraft:grass_block":1,"minecraft:rotten_flesh":5,"minecraft:oak_leaves":1}},"DataVersion":3465}