{"stats":{"minecraft:killed":{"boh:siren_head":1,"born_in_chaos_v1:spiritof_chaos":2,"boh:michael_myers":1,"vampirism:task_master_vampire":1,"minecraft:pig":1,"born_in_chaos_v1:restless_spirit":3,"minecraft:iron_golem":2,"tameablebeasts:tameable_chikote":2,"minecraft:creeper":2,"born_in_chaos_v1:maggot":7,"vampirism:hunter":2,"minecraft:skeleton":1,"born_in_chaos_v1:dire_hound_leader":1,"scguns:redcoat":1,"alexsmobs:giant_squid":5,"scguns:cog_knight":1,"minecraft:zombie":19,"born_in_chaos_v1:dread_hound":4,"born_in_chaos_v1:dark_vortex":1,"born_in_chaos_v1:nightmare_stalker":1,"alexsmobs:bison":6,"born_in_chaos_v1:corpse_fish":8,"minecraft:enderman":1},"minecraft:crafted":{"sons_of_sins:soul_steel":4,"sons_of_sins:iron_and_ether":18,"minecraft:air":0,"mobs_of_sins:tentacle_sickle_of_struggle":1},"minecraft:used":{"minecraft:cow_spawn_egg":13,"minecraft:oak_fence":32,"scguns:polar_generator":1,"minecraft:enchanting_table":1,"vampirism:altar_inspiration":3,"minecraft:stone_sword":36,"scguns:gun_bench":1,"simplyswords:harbinger":26,"vampirism:altar_infusion":1,"minecraft:chest":6,"minecraft:stone":16,"vampirism:blood_container":2,"minecraft:cobblestone_slab":31,"scguns:powered_macerator":1,"vampirism:blood_grinder":1,"minecraft:torch":50,"scguns:whispers":94,"minecraft:crafting_table":1,"sons_of_sins:osseous_sword":42,"minecraft:blast_furnace":1,"scguns:sculk_resonator":36,"minecraft:oak_fence_gate":2,"mobs_of_sins:tentacle_sickle_of_struggle":30,"boh:the_slasher":36,"minecraft:bookshelf":14,"minecraft:grass_block":26,"minecraft:pig_spawn_egg":7,"scguns:powered_mechanical_press":1,"vampirism:altar_pillar":12,"scguns:lightning_battery":3,"vampirism:altar_tip":5,"minecraft:deepslate":5,"vampirism:blood_sieve":1,"minecraft:barrel":2,"minecraft:stone_bricks":4,"minecraft:cobblestone":9,"minecraft:furnace":2,"alexsmobs:spawn_egg_giant_squid":5,"vampirism:coffin_black":1,"alexsmobs:animal_dictionary":1},"minecraft:custom":{"vampirism:altar_of_inspiration_rituals_performed":7,"minecraft:interact_with_furnace":2,"minecraft:mob_kills":74,"vampirism:interact_with_altar_of_infusion":6,"minecraft:interact_with_crafting_table":3,"minecraft:open_barrel":1,"vampirism:action_time_bat":195,"minecraft:damage_dealt_resisted":1135,"vampirism:action_used_bat":1,"minecraft:leave_game":3,"minecraft:time_since_death":121650,"minecraft:sleep_in_bed":2,"minecraft:climb_one_cm":13899,"vampirism:actions_used":2,"vampirism:altar_of_infusion_rituals_performed":1,"minecraft:time_since_rest":5750,"vampirism:action_used_regen":1,"minecraft:sprint_one_cm":96952,"minecraft:damage_taken":380,"minecraft:walk_one_cm":148918,"vampirism:interact_with_coffin":2,"vampirism:interact_with_totem":1,"minecraft:drop":5,"vampirism:action_time_regen":399,"vampirism:skills_unlocked":4,"vampirism:capture_village":1,"minecraft:damage_dealt":11453,"minecraft:fly_one_cm":706737,"minecraft:open_chest":38,"minecraft:crouch_one_cm":3112,"minecraft:play_time":121650,"vampirism:interact_with_altar_inspiration":39,"minecraft:sneak_time":2638,"minecraft:walk_under_water_one_cm":804,"minecraft:jump":926,"minecraft:interact_with_blast_furnace":4,"minecraft:walk_on_water_one_cm":6718,"vampirism:interact_with_blood_grinder":5,"minecraft:enchant_item":9,"minecraft:total_world_time":121650,"vampirism:blood_drunk":1200,"vampirism:win_village_capture":1,"minecraft:fall_one_cm":5918},"minecraft:mined":{"minecraft:grass":1},"minecraft:dropped":{"minecraft:feather":3,"minecraft:rotten_flesh":2,"minecraft:grass_block":1,"minecraft:oak_leaves":1},"minecraft:picked_up":{"born_in_chaos_v1:corpse_maggot":1,"sons_of_sins:golem_cuirass":1,"minecraft:feather":5,"born_in_chaos_v1:monster_flesh":7,"alexsmobs:bison_fur":5,"sons_of_sins:muscle":1,"minecraft:gunpowder":3,"boh:sirenphone":1,"born_in_chaos_v1:monster_skin":10,"boh:the_slasher":1,"minecraft:beef":40,"minecraft:iron_ingot":9,"minecraft:poppy":4,"born_in_chaos_v1:ethereal_spirit":2,"born_in_chaos_v1:dark_rod":2,"born_in_chaos_v1:fangofthe_hound_leader":3,"minecraft:ink_sac":29,"born_in_chaos_v1:nightmare_claw":1,"minecraft:grass_block":1,"born_in_chaos_v1:pieceofdarkmetal":4,"vampirism:amulet":1,"sons_of_sins:ether_ashes":27,"sons_of_sins:flesh_of_demise":4,"sons_of_sins:creeper_ribs":1,"sons_of_sins:enderman_muscle":1,"tameablebeasts:big_bird_meat":3,"minecraft:rotten_flesh":11,"minecraft:bone_meal":2,"born_in_chaos_v1:rotten_fish":5,"minecraft:oak_leaves":1,"scguns:empty_cell":10}},"DataVersion":3465}