{"stats":{"minecraft:used":{"minecraft:oak_fence":32,"scguns:locust":660,"scguns:rat_king_and_queen":1050,"minecraft:stone_sword":36,"minecraft:enchanting_table":1,"vampirism:advanced_vampire_spawn_egg":1,"simplyswords:harbinger":212,"vampirism:altar_infusion":1,"minecraft:chest":6,"minecraft:stone":16,"minecraft:zombie_spawn_egg":73,"vampirism:blood_container":2,"scguns:powered_macerator":1,"minecraft:torch":50,"vampirism:vampire_hunter_spawn_egg":252,"scguns:whispers":128,"minecraft:skeleton_spawn_egg":97,"vampirism:advanced_vampire_hunter_spawn_egg":52,"minecraft:oak_fence_gate":2,"minecraft:milk_bucket":1,"born_in_chaos_v1:supreme_measure":49,"vampirism:totem_top_crafted":4,"minecraft:bookshelf":14,"minecraft:villager_spawn_egg":282,"scguns:newborn_cyst":20,"minecraft:grass_block":73,"scguns:lightning_battery":3,"vampirism:blood_sieve":1,"minecraft:barrel":2,"minecraft:stone_bricks":4,"minecraft:emerald_block":1,"minecraft:furnace":2,"alexsmobs:spawn_egg_giant_squid":5,"minecraft:gold_block":1,"scguns:polar_generator":1,"minecraft:cow_spawn_egg":13,"vampirism:altar_inspiration":3,"scguns:gun_bench":1,"minecraft:redstone_block":1,"minecraft:cobblestone_slab":31,"vampirism:blood_grinder":1,"minecraft:diamond_block":2,"scguns:raygun":4,"scguns:astella":111,"minecraft:crafting_table":1,"sons_of_sins:osseous_sword":42,"minecraft:blast_furnace":1,"scguns:sculk_resonator":56,"minecraft:book":1,"mobs_of_sins:tentacle_sickle_of_struggle":81,"boh:the_slasher":36,"minecraft:birch_slab":20,"scguns:powered_mechanical_press":1,"minecraft:pig_spawn_egg":83,"vampirism:altar_pillar":19,"minecraft:deepslate":5,"vampirism:altar_tip":7,"minecraft:cobblestone":85,"minecraft:potion":4,"vampirism:vampire_baron_spawn_egg":6,"vampirism:coffin_black":1,"alexsmobs:animal_dictionary":1},"minecraft:custom":{"minecraft:mob_kills":1034,"vampirism:interact_with_altar_of_infusion":26,"minecraft:interact_with_crafting_table":3,"minecraft:open_barrel":8,"vampirism:action_time_bat":5585,"minecraft:damage_dealt_resisted":266921,"minecraft:leave_game":10,"minecraft:time_since_death":178782,"minecraft:climb_one_cm":21442,"vampirism:tasks_completed":11,"vampirism:amount_bitten":175,"minecraft:sprint_one_cm":315193,"minecraft:walk_one_cm":644659,"vampirism:interact_with_coffin":4,"vampirism:interact_with_totem":12,"minecraft:drop":158,"vampirism:action_time_regen":1650,"vampirism:skills_unlocked":31,"vampirism:capture_village":8,"minecraft:damage_dealt_absorbed":120,"minecraft:talked_to_villager":11,"vampirism:infected_creatures":87,"minecraft:play_time":385004,"vampirism:interact_with_altar_inspiration":39,"minecraft:deaths":1,"minecraft:sneak_time":5690,"minecraft:walk_under_water_one_cm":2956,"minecraft:jump":2091,"minecraft:interact_with_blast_furnace":4,"minecraft:walk_on_water_one_cm":15260,"vampirism:interact_with_blood_grinder":5,"minecraft:enchant_item":9,"minecraft:total_world_time":385004,"vampirism:blood_drunk":7700,"vampirism:win_village_capture":11,"vampirism:altar_of_inspiration_rituals_performed":7,"minecraft:interact_with_furnace":2,"vampirism:interact_with_research_table":1,"vampirism:interact_with_garlic_diffuser":2,"vampirism:action_used_bat":4,"minecraft:sleep_in_bed":4,"vampirism:actions_used":96,"vampirism:altar_of_infusion_rituals_performed":10,"minecraft:time_since_rest":178827,"vampirism:action_used_regen":5,"minecraft:damage_taken":1837,"vampirism:tasks_accepted":11,"minecraft:damage_dealt":43249,"minecraft:fly_one_cm":1445830,"minecraft:open_chest":45,"minecraft:crouch_one_cm":5964,"vampirism:defend_village":3,"vampirism:action_used_infect":87,"minecraft:fall_one_cm":23343},"minecraft:picked_up":{"sophisticatedbackpacks:gold_backpack":1,"boh:vhs_tape":2,"sons_of_sins:golem_cuirass":4,"minecraft:chainmail_boots":1,"minecraft:chicken":2,"simplyswords:harbinger":1,"minecraft:potion":1,"minecraft:enchanted_book":1,"sons_of_sins:muscle":1,"vampirism:pure_salt_water":7,"minecraft:iron_leggings":2,"vampirism:obi_belt":4,"simplyswords:runic_tablet":1,"minecraft:beef":45,"scguns:ramrod_round":20,"minecraft:poppy":6,"minecraft:diamond_hoe":1,"scguns:locust":1,"born_in_chaos_v1:shattered_skull":1,"sophisticatedbackpacks:backpack":1,"minecraft:porkchop":140,"vampirism:holy_water_bottle_enhanced":7,"vampirism:vampire_fang":1,"boh:killers_soul":1,"minecraft:carrot":14,"born_in_chaos_v1:nightmare_claw":3,"born_in_chaos_v1:pieceofdarkmetal":13,"vampirism:amulet":3,"sons_of_sins:ether_ashes":27,"sons_of_sins:enderman_muscle":1,"minecraft:rotten_flesh":92,"minecraft:arrow":144,"vampirism:blood_bottle":2,"minecraft:diamond_chestplate":1,"tameablebeasts:big_bird_meat":3,"scguns:medium_diamond_steel_casing":9,"vampirism:pure_blood_2":3,"minecraft:diamond_boots":1,"sons_of_sins:heart":1,"sophisticatedbackpacks:copper_backpack":2,"scguns:empty_cell":23,"scguns:astella":1,"vampirism:pure_blood_4":2,"born_in_chaos_v1:corpse_maggot":19,"vampirism:vampire_book":6,"minecraft:feather":5,"born_in_chaos_v1:monster_flesh":10,"scguns:small_iron_casing":45,"minecraft:potato":10,"alexsmobs:bison_fur":5,"scguns:sculk_cell":30,"mobs_of_sins:tentacle_sickle_of_struggle":1,"scguns:sculk_resonator":1,"minecraft:gunpowder":4,"scguns:large_brass_casing":4,"boh:sirenphone":1,"born_in_chaos_v1:monster_skin":10,"minecraft:bone":94,"vampirism:human_heart":54,"scguns:medium_brass_casing":3,"minecraft:bow":5,"minecraft:wheat_seeds":47,"boh:the_slasher":2,"vampirism:pure_blood_1":1,"vampirism:item_garlic":6,"minecraft:iron_ingot":12,"scguns:whispers":1,"born_in_chaos_v1:ethereal_spirit":5,"vampirism:ring":3,"born_in_chaos_v1:dark_rod":2,"minecraft:soul_torch":8,"born_in_chaos_v1:fangofthe_hound_leader":3,"minecraft:ink_sac":29,"minecraft:grass_block":1,"minecraft:leather_helmet":1,"sons_of_sins:flesh_of_demise":10,"vampirism:pure_blood_0":1,"sons_of_sins:creeper_ribs":1,"minecraft:skeleton_spawn_egg":1,"vampirism:pitchfork":1,"scguns:rat_king_and_queen":1,"minecraft:iron_helmet":1,"minecraft:bone_meal":2,"minecraft:baked_potato":1,"born_in_chaos_v1:rotten_fish":5,"minecraft:oak_leaves":1},"minecraft:mined":{"minecraft:grass":8},"minecraft:crafted":{"sons_of_sins:soul_steel":4,"sons_of_sins:iron_and_ether":18,"minecraft:air":0,"mobs_of_sins:tentacle_sickle_of_struggle":1},"minecraft:killed":{"boh:vampire":1,"vampirism:vampire":8,"vampirism:advanced_vampire":4,"born_in_chaos_v1:restless_spirit":3,"boh:ghostface":1,"born_in_chaos_v1:zombie_bruiser":1,"born_in_chaos_v1:maggot":27,"minecraft:horse":3,"minecraft:skeleton":93,"born_in_chaos_v1:dire_hound_leader":1,"scguns:redcoat":1,"boh:tamed_rat":2,"scguns:cog_knight":1,"vampirism:task_master_hunter":1,"minecraft:chicken":1,"vampirism:advanced_hunter":54,"alexsmobs:bison":6,"born_in_chaos_v1:corpse_fish":9,"vampirism:villager_converted":55,"vampirism:vampire_baron":6,"boh:siren_head":1,"born_in_chaos_v1:spiritof_chaos":2,"boh:michael_myers":1,"vampirism:task_master_vampire":1,"minecraft:pig":66,"vampirism:hunter_trainer":1,"vampirism:villager_angry":26,"minecraft:iron_golem":4,"tameablebeasts:tameable_chikote":2,"minecraft:creeper":4,"boh:deer":1,"born_in_chaos_v1:decrepit_skeleton":1,"vampirism:hunter":344,"alexsmobs:giant_squid":5,"born_in_chaos_v1:decaying_zombie":1,"minecraft:zombie":95,"born_in_chaos_v1:dread_hound":6,"born_in_chaos_v1:dark_vortex":1,"born_in_chaos_v1:nightmare_stalker":3,"scguns:hive":1,"minecraft:villager":160,"minecraft:enderman":1,"minecraft:cow":3},"minecraft:dropped":{"vampirism:item_garlic":3,"minecraft:bread":128,"minecraft:iron_ingot":12,"minecraft:wheat_seeds":10,"vampirism:human_heart":10,"vampirism:pure_blood_0":1,"vampirism:pure_blood_1":1,"minecraft:feather":5,"minecraft:cobblestone":2,"minecraft:grass_block":1,"minecraft:flint":2,"born_in_chaos_v1:monster_flesh":10,"minecraft:ink_sac":27,"minecraft:torch":1,"scguns:locust":1,"born_in_chaos_v1:rotten_fish":5,"minecraft:rotten_flesh":18,"sons_of_sins:muscle":1,"scguns:empty_cell":95,"minecraft:carrot":327,"minecraft:poppy":4,"minecraft:potato":298,"minecraft:stone":1,"minecraft:gunpowder":13,"sons_of_sins:creeper_ribs":1,"minecraft:oak_leaves":2}},"DataVersion":3465}