{"stats":{"minecraft:custom":{"minecraft:jump":108,"minecraft:open_chest":1,"minecraft:time_since_rest":16580,"vampirism:skills_unlocked":1,"minecraft:damage_dealt":601,"minecraft:crouch_one_cm":91,"minecraft:leave_game":1,"minecraft:sprint_one_cm":11266,"minecraft:play_time":16580,"minecraft:walk_on_water_one_cm":449,"minecraft:time_since_death":16580,"minecraft:walk_one_cm":13907,"minecraft:sneak_time":92,"minecraft:total_world_time":16580,"minecraft:walk_under_water_one_cm":157,"minecraft:mob_kills":1,"minecraft:fly_one_cm":90586},"minecraft:used":{"minecraft:stone_sword":10},"minecraft:picked_up":{"boh:the_slasher":1},"minecraft:killed":{"boh:michael_myers":1}},"DataVersion":3465}