{
  "sosorgans:grant_book_on_first_join": {
    "criteria": {
      "tick": "2024-11-12 23:21:07 +0000"
    },
    "done": true
  },
  "toolleveling:recipes/tool_leveling_table": {
    "criteria": {
      "has_enchanting_table": "2024-11-12 23:21:07 +0000"
    },
    "done": true
  },
  "minecraft:recipes/decorations/crafting_table": {
    "criteria": {
      "unlock_right_away": "2024-11-12 23:21:07 +0000"
    },
    "done": true
  },
  "cataclysm:root": {
    "criteria": {
      "custom_test_name": "2024-11-12 23:21:07 +0000"
    },
    "done": true
  },
  "vampiresdelight:main/root": {
    "criteria": {
      "seeds": "2024-11-12 23:21:07 +0000"
    },
    "done": true
  },
  "farmersdelight:main/root": {
    "criteria": {
      "seeds": "2024-11-12 23:21:07 +0000"
    },
    "done": true
  },
  "scguns:main/root": {
    "criteria": {
      "gun": "2024-11-12 23:21:07 +0000"
    },
    "done": true
  },
  "born_in_chaos_v1:bornin_chaos": {
    "criteria": {
      "bornin_chaos_0": "2024-11-12 23:21:07 +0000"
    },
    "done": true
  },
  "minecraft:adventure/adventuring_time": {
    "criteria": {
      "minecraft:snowy_slopes": "2024-11-12 23:22:32 +0000",
      "minecraft:cherry_grove": "2024-11-12 23:32:26 +0000",
      "minecraft:sunflower_plains": "2024-11-13 01:02:48 +0000",
      "minecraft:birch_forest": "2024-11-13 00:31:45 +0000",
      "minecraft:dripstone_caves": "2024-11-13 00:07:47 +0000",
      "minecraft:grove": "2024-11-12 23:21:10 +0000",
      "minecraft:jagged_peaks": "2024-11-12 23:23:54 +0000",
      "minecraft:forest": "2024-11-13 00:56:02 +0000",
      "minecraft:flower_forest": "2024-11-13 01:09:31 +0000",
      "minecraft:deep_dark": "2024-11-13 00:11:42 +0000",
      "minecraft:meadow": "2024-11-13 00:17:16 +0000",
      "minecraft:plains": "2024-11-12 23:25:38 +0000"
    },
    "done": false
  },
  "minecraft:recipes/transportation/cherry_boat": {
    "criteria": {
      "in_water": "2024-11-12 23:22:32 +0000"
    },
    "done": true
  },
  "minecraft:recipes/transportation/bamboo_raft": {
    "criteria": {
      "in_water": "2024-11-12 23:22:32 +0000"
    },
    "done": true
  },
  "minecraft:recipes/transportation/spruce_boat": {
    "criteria": {
      "in_water": "2024-11-12 23:22:32 +0000"
    },
    "done": true
  },
  "minecraft:recipes/transportation/birch_boat": {
    "criteria": {
      "in_water": "2024-11-12 23:22:32 +0000"
    },
    "done": true
  },
  "minecraft:recipes/transportation/oak_boat": {
    "criteria": {
      "in_water": "2024-11-12 23:22:32 +0000"
    },
    "done": true
  },
  "vampirism:recipes/transportation/cursed_spruce_boat": {
    "criteria": {
      "in_water": "2024-11-12 23:22:32 +0000"
    },
    "done": true
  },
  "minecraft:recipes/transportation/mangrove_boat": {
    "criteria": {
      "in_water": "2024-11-12 23:22:32 +0000"
    },
    "done": true
  },
  "vampirism:recipes/transportation/dark_spruce_boat": {
    "criteria": {
      "in_water": "2024-11-12 23:22:32 +0000"
    },
    "done": true
  },
  "minecraft:recipes/transportation/acacia_boat": {
    "criteria": {
      "in_water": "2024-11-12 23:22:32 +0000"
    },
    "done": true
  },
  "minecraft:recipes/transportation/jungle_boat": {
    "criteria": {
      "in_water": "2024-11-12 23:22:32 +0000"
    },
    "done": true
  },
  "minecraft:recipes/transportation/dark_oak_boat": {
    "criteria": {
      "in_water": "2024-11-12 23:22:32 +0000"
    },
    "done": true
  },
  "vampirism:vampire/blood_cult": {
    "criteria": {
      "main": "2024-11-12 23:25:22 +0000"
    },
    "done": false
  },
  "vampirism:vampire/freeze_kill": {
    "criteria": {
      "main": "2024-11-12 23:25:22 +0000"
    },
    "done": false
  },
  "vampirism:vampire/first_blood": {
    "criteria": {
      "main": "2024-11-12 23:25:22 +0000"
    },
    "done": false
  },
  "vampirism:vampire/extra_storage": {
    "criteria": {
      "blood_container": "2024-11-13 00:33:25 +0000",
      "main": "2024-11-12 23:25:22 +0000"
    },
    "done": true
  },
  "vampirism:vampire/yuck": {
    "criteria": {
      "main": "2024-11-12 23:25:22 +0000"
    },
    "done": false
  },
  "vampirism:vampire/sniped": {
    "criteria": {
      "main": "2024-11-12 23:25:22 +0000"
    },
    "done": false
  },
  "vampirism:vampire/kill_mother": {
    "criteria": {
      "main": "2024-11-12 23:25:22 +0000"
    },
    "done": false
  },
  "vampirism:vampire/become_vampire": {
    "criteria": {
      "main": "2024-11-12 23:25:22 +0000"
    },
    "done": true
  },
  "vampirism:vampire/resurrect": {
    "criteria": {
      "main": "2024-11-12 23:25:22 +0000"
    },
    "done": false
  },
  "vampirism:vampire/bat": {
    "criteria": {
      "action": "2024-11-13 01:05:37 +0000",
      "main": "2024-11-12 23:25:22 +0000"
    },
    "done": true
  },
  "minecraft:adventure/root": {
    "criteria": {
      "killed_something": "2024-11-12 23:26:23 +0000"
    },
    "done": true
  },
  "minecraft:recipes/combat/iron_leggings": {
    "criteria": {
      "has_iron_ingot": "2024-11-12 23:32:16 +0000"
    },
    "done": true
  },
  "vampirism:recipes/decorations/general/grave_cage": {
    "criteria": {
      "has_iron": "2024-11-12 23:32:16 +0000"
    },
    "done": true
  },
  "minecraft:recipes/combat/iron_chestplate": {
    "criteria": {
      "has_iron_ingot": "2024-11-12 23:32:16 +0000"
    },
    "done": true
  },
  "vampirism:recipes/decorations/hunter/item_med_chair": {
    "criteria": {
      "has_iron_ingot": "2024-11-12 23:32:16 +0000"
    },
    "done": true
  },
  "minecraft:recipes/misc/iron_nugget": {
    "criteria": {
      "has_iron_ingot": "2024-11-12 23:32:16 +0000"
    },
    "done": true
  },
  "minecraft:recipes/misc/bucket": {
    "criteria": {
      "has_iron_ingot": "2024-11-12 23:32:16 +0000"
    },
    "done": true
  },
  "minecraft:recipes/combat/iron_helmet": {
    "criteria": {
      "has_iron_ingot": "2024-11-12 23:32:16 +0000"
    },
    "done": true
  },
  "minecraft:recipes/transportation/minecart": {
    "criteria": {
      "has_iron_ingot": "2024-11-12 23:32:16 +0000"
    },
    "done": true
  },
  "minecraft:recipes/tools/iron_hoe": {
    "criteria": {
      "has_iron_ingot": "2024-11-12 23:32:16 +0000"
    },
    "done": true
  },
  "minecraft:story/smelt_iron": {
    "criteria": {
      "iron": "2024-11-12 23:32:16 +0000"
    },
    "done": true
  },
  "minecraft:recipes/tools/shears": {
    "criteria": {
      "has_iron_ingot": "2024-11-12 23:32:16 +0000"
    },
    "done": true
  },
  "vampirism:recipes/combat/weapontable/crucifix_enhanced": {
    "criteria": {
      "iron": "2024-11-12 23:32:16 +0000"
    },
    "done": true
  },
  "vampirism:recipes/misc/vampire/blood_infused_enhanced_iron_ingot": {
    "criteria": {
      "has_iron": "2024-11-12 23:32:16 +0000"
    },
    "done": true
  },
  "minecraft:recipes/decorations/chain": {
    "criteria": {
      "has_iron_ingot": "2024-11-12 23:32:16 +0000"
    },
    "done": true
  },
  "vampirism:recipes/misc/vampire/blood_infused_iron_ingot": {
    "criteria": {
      "has_iron": "2024-11-12 23:32:16 +0000"
    },
    "done": true
  },
  "minecraft:recipes/building_blocks/iron_block": {
    "criteria": {
      "has_iron_ingot": "2024-11-12 23:32:16 +0000"
    },
    "done": true
  },
  "farmersdelight:recipes/decorations/cooking_pot": {
    "criteria": {
      "has_iron_ingot": "2024-11-12 23:32:16 +0000"
    },
    "done": true
  },
  "minecraft:recipes/decorations/smithing_table": {
    "criteria": {
      "has_iron_ingot": "2024-11-12 23:32:16 +0000"
    },
    "done": true
  },
  "vampirism:recipes/decorations/vampire/candelabra": {
    "criteria": {
      "has_iron": "2024-11-12 23:32:16 +0000"
    },
    "done": true
  },
  "vampirism:recipes/decorations/vampire/altar_tip": {
    "criteria": {
      "has_iron": "2024-11-12 23:32:16 +0000"
    },
    "done": true
  },
  "minecraft:recipes/combat/iron_sword": {
    "criteria": {
      "has_iron_ingot": "2024-11-12 23:32:16 +0000"
    },
    "done": true
  },
  "minecraft:recipes/tools/iron_pickaxe": {
    "criteria": {
      "has_iron_ingot": "2024-11-12 23:32:16 +0000"
    },
    "done": true
  },
  "minecraft:recipes/combat/shield": {
    "criteria": {
      "has_iron_ingot": "2024-11-12 23:32:16 +0000"
    },
    "done": true
  },
  "vampirism:recipes/decorations/vampire/blood_container": {
    "criteria": {
      "has_iron": "2024-11-12 23:32:16 +0000"
    },
    "done": true
  },
  "minecraft:recipes/redstone/hopper": {
    "criteria": {
      "has_iron_ingot": "2024-11-12 23:32:16 +0000"
    },
    "done": true
  },
  "minecraft:recipes/decorations/iron_bars": {
    "criteria": {
      "has_iron_ingot": "2024-11-12 23:32:16 +0000"
    },
    "done": true
  },
  "minecraft:recipes/combat/iron_boots": {
    "criteria": {
      "has_iron_ingot": "2024-11-12 23:32:16 +0000"
    },
    "done": true
  },
  "vampirism:recipes/decorations/vampire/candle_stick": {
    "criteria": {
      "has_iron": "2024-11-12 23:32:16 +0000"
    },
    "done": true
  },
  "minecraft:recipes/decorations/lantern": {
    "criteria": {
      "has_iron_ingot": "2024-11-12 23:32:16 +0000"
    },
    "done": true
  },
  "minecraft:recipes/tools/iron_shovel": {
    "criteria": {
      "has_iron_ingot": "2024-11-12 23:32:16 +0000"
    },
    "done": true
  },
  "vampirism:recipes/decorations/hunter/alchemical_cauldron": {
    "criteria": {
      "has_iron": "2024-11-12 23:32:16 +0000"
    },
    "done": true
  },
  "vampirism:recipes/combat/hunter/crossbow_arrow_normal": {
    "criteria": {
      "has_iron_ingot": "2024-11-12 23:32:16 +0000"
    },
    "done": true
  },
  "vampirism:recipes/decorations/vampire/candelabra_candles": {
    "criteria": {
      "has_iron": "2024-11-12 23:32:16 +0000"
    },
    "done": true
  },
  "minecraft:recipes/redstone/iron_trapdoor": {
    "criteria": {
      "has_iron_ingot": "2024-11-12 23:32:16 +0000"
    },
    "done": true
  },
  "vampirism:recipes/decorations/hunter/weapon_table": {
    "criteria": {
      "has_iron_ingot": "2024-11-12 23:32:16 +0000"
    },
    "done": true
  },
  "minecraft:recipes/tools/iron_axe": {
    "criteria": {
      "has_iron_ingot": "2024-11-12 23:32:16 +0000"
    },
    "done": true
  },
  "minecraft:recipes/combat/crossbow": {
    "criteria": {
      "has_iron_ingot": "2024-11-12 23:32:16 +0000"
    },
    "done": true
  },
  "farmersdelight:recipes/combat/iron_knife": {
    "criteria": {
      "has_iron_ingot": "2024-11-12 23:32:16 +0000"
    },
    "done": true
  },
  "minecraft:recipes/redstone/iron_door": {
    "criteria": {
      "has_iron_ingot": "2024-11-12 23:32:16 +0000"
    },
    "done": true
  },
  "minecraft:recipes/redstone/heavy_weighted_pressure_plate": {
    "criteria": {
      "has_iron_ingot": "2024-11-12 23:32:16 +0000"
    },
    "done": true
  },
  "minecraft:recipes/combat/leather_helmet": {
    "criteria": {
      "has_leather": "2024-11-12 23:32:17 +0000"
    },
    "done": true
  },
  "minecraft:recipes/combat/leather_leggings": {
    "criteria": {
      "has_leather": "2024-11-12 23:32:17 +0000"
    },
    "done": true
  },
  "minecraft:recipes/combat/leather_chestplate": {
    "criteria": {
      "has_leather": "2024-11-12 23:32:17 +0000"
    },
    "done": true
  },
  "minecraft:recipes/decorations/chest": {
    "criteria": {
      "has_lots_of_items": "2024-11-12 23:32:17 +0000"
    },
    "done": true
  },
  "minecraft:recipes/misc/bone_meal": {
    "criteria": {
      "has_bone": "2024-11-12 23:32:17 +0000"
    },
    "done": true
  },
  "minecraft:recipes/misc/leather_horse_armor": {
    "criteria": {
      "has_leather": "2024-11-12 23:32:17 +0000"
    },
    "done": true
  },
  "sophisticatedbackpacks:recipes/misc/backpack": {
    "criteria": {
      "has_leather": "2024-11-12 23:32:17 +0000"
    },
    "done": true
  },
  "minecraft:recipes/decorations/item_frame": {
    "criteria": {
      "has_leather": "2024-11-12 23:32:17 +0000"
    },
    "done": true
  },
  "farmersdelight:recipes/cooking/bone_broth": {
    "criteria": {
      "has_bone": "2024-11-12 23:32:17 +0000"
    },
    "done": true
  },
  "sophisticatedbackpacks:recipes/misc/upgrade_base": {
    "criteria": {
      "has_leather": "2024-11-12 23:32:17 +0000"
    },
    "done": true
  },
  "minecraft:recipes/combat/leather_boots": {
    "criteria": {
      "has_leather": "2024-11-12 23:32:17 +0000"
    },
    "done": true
  },
  "farmersdelight:recipes/cooking/dog_food": {
    "criteria": {
      "has_any_ingredient": "2024-11-13 00:02:32 +0000"
    },
    "done": true
  },
  "born_in_chaos_v1:dark_metallurgy": {
    "criteria": {
      "dark_metallurgy_0": "2024-11-13 00:02:32 +0000"
    },
    "done": true
  },
  "farmersdelight:recipes/building_blocks/organic_compost_from_rotten_flesh": {
    "criteria": {
      "has_rotten_flesh": "2024-11-13 00:02:32 +0000"
    },
    "done": true
  },
  "vampirism:recipes/misc/gold_nugget_from_accessory_blasting": {
    "criteria": {
      "has_amulet": "2024-11-13 00:04:24 +0000"
    },
    "done": true
  },
  "vampirism:hunter/betrayal": {
    "criteria": {
      "kill": "2024-11-13 00:04:24 +0000"
    },
    "done": false
  },
  "vampirism:recipes/misc/gold_nugget_from_accessory_smelting": {
    "criteria": {
      "has_amulet": "2024-11-13 00:04:24 +0000"
    },
    "done": true
  },
  "minecraft:recipes/misc/red_dye_from_poppy": {
    "criteria": {
      "has_poppy": "2024-11-13 00:06:18 +0000"
    },
    "done": true
  },
  "minecraft:recipes/decorations/torch": {
    "criteria": {
      "has_stone_pickaxe": "2024-11-13 00:09:06 +0000"
    },
    "done": true
  },
  "minecraft:story/upgrade_tools": {
    "criteria": {
      "stone_pickaxe": "2024-11-13 00:09:06 +0000"
    },
    "done": true
  },
  "minecraft:recipes/redstone/lever": {
    "criteria": {
      "has_cobblestone": "2024-11-13 00:09:11 +0000"
    },
    "done": true
  },
  "minecraft:recipes/combat/stone_sword": {
    "criteria": {
      "has_cobblestone": "2024-11-13 00:09:11 +0000"
    },
    "done": true
  },
  "minecraft:recipes/decorations/cobblestone_wall": {
    "criteria": {
      "has_cobblestone": "2024-11-13 00:09:11 +0000"
    },
    "done": true
  },
  "minecraft:recipes/tools/stone_axe": {
    "criteria": {
      "has_cobblestone": "2024-11-13 00:09:11 +0000"
    },
    "done": true
  },
  "minecraft:story/mine_stone": {
    "criteria": {
      "get_stone": "2024-11-13 00:09:11 +0000"
    },
    "done": true
  },
  "minecraft:recipes/decorations/furnace": {
    "criteria": {
      "has_cobblestone": "2024-11-13 00:09:11 +0000"
    },
    "done": true
  },
  "minecraft:recipes/building_blocks/cobblestone_slab_from_cobblestone_stonecutting": {
    "criteria": {
      "has_cobblestone": "2024-11-13 00:09:11 +0000"
    },
    "done": true
  },
  "minecraft:recipes/building_blocks/stone": {
    "criteria": {
      "has_cobblestone": "2024-11-13 00:09:11 +0000"
    },
    "done": true
  },
  "vampirism:recipes/decorations/general/tombstone2": {
    "criteria": {
      "has_coble": "2024-11-13 00:09:11 +0000"
    },
    "done": true
  },
  "minecraft:recipes/tools/stone_pickaxe": {
    "criteria": {
      "has_cobblestone": "2024-11-13 00:09:11 +0000"
    },
    "done": true
  },
  "minecraft:recipes/building_blocks/cobblestone_slab": {
    "criteria": {
      "has_cobblestone": "2024-11-13 00:09:11 +0000"
    },
    "done": true
  },
  "minecraft:recipes/decorations/cobblestone_wall_from_cobblestone_stonecutting": {
    "criteria": {
      "has_cobblestone": "2024-11-13 00:09:11 +0000"
    },
    "done": true
  },
  "minecraft:recipes/building_blocks/cobblestone_stairs_from_cobblestone_stonecutting": {
    "criteria": {
      "has_cobblestone": "2024-11-13 00:09:11 +0000"
    },
    "done": true
  },
  "minecraft:recipes/building_blocks/cobblestone_stairs": {
    "criteria": {
      "has_cobblestone": "2024-11-13 00:09:11 +0000"
    },
    "done": true
  },
  "minecraft:recipes/tools/stone_hoe": {
    "criteria": {
      "has_cobblestone": "2024-11-13 00:09:11 +0000"
    },
    "done": true
  },
  "minecraft:recipes/tools/stone_shovel": {
    "criteria": {
      "has_cobblestone": "2024-11-13 00:09:11 +0000"
    },
    "done": true
  },
  "minecraft:recipes/misc/iron_nugget_from_smelting": {
    "criteria": {
      "has_iron_pickaxe": "2024-11-13 00:09:17 +0000"
    },
    "done": true
  },
  "minecraft:story/iron_tools": {
    "criteria": {
      "iron_pickaxe": "2024-11-13 00:09:17 +0000"
    },
    "done": true
  },
  "minecraft:recipes/misc/iron_nugget_from_blasting": {
    "criteria": {
      "has_iron_pickaxe": "2024-11-13 00:09:17 +0000"
    },
    "done": true
  },
  "minecraft:recipes/building_blocks/stone_bricks": {
    "criteria": {
      "has_stone": "2024-11-13 00:09:32 +0000"
    },
    "done": true
  },
  "minecraft:recipes/building_blocks/stone_bricks_from_stone_stonecutting": {
    "criteria": {
      "has_stone": "2024-11-13 00:09:32 +0000"
    },
    "done": true
  },
  "minecraft:recipes/building_blocks/stone_slab": {
    "criteria": {
      "has_stone": "2024-11-13 00:09:32 +0000"
    },
    "done": true
  },
  "minecraft:recipes/building_blocks/stone_stairs_from_stone_stonecutting": {
    "criteria": {
      "has_stone": "2024-11-13 00:09:32 +0000"
    },
    "done": true
  },
  "minecraft:recipes/redstone/stone_button": {
    "criteria": {
      "has_stone": "2024-11-13 00:09:32 +0000"
    },
    "done": true
  },
  "minecraft:recipes/decorations/stonecutter": {
    "criteria": {
      "has_stone": "2024-11-13 00:09:32 +0000"
    },
    "done": true
  },
  "minecraft:recipes/redstone/stone_pressure_plate": {
    "criteria": {
      "has_stone": "2024-11-13 00:09:32 +0000"
    },
    "done": true
  },
  "minecraft:recipes/building_blocks/smooth_stone": {
    "criteria": {
      "has_stone": "2024-11-13 00:09:32 +0000"
    },
    "done": true
  },
  "minecraft:recipes/decorations/stone_brick_walls_from_stone_stonecutting": {
    "criteria": {
      "has_stone": "2024-11-13 00:09:32 +0000"
    },
    "done": true
  },
  "minecraft:recipes/building_blocks/stone_brick_slab_from_stone_stonecutting": {
    "criteria": {
      "has_stone": "2024-11-13 00:09:32 +0000"
    },
    "done": true
  },
  "minecraft:recipes/building_blocks/stone_brick_stairs_from_stone_stonecutting": {
    "criteria": {
      "has_stone": "2024-11-13 00:09:32 +0000"
    },
    "done": true
  },
  "minecraft:recipes/building_blocks/stone_slab_from_stone_stonecutting": {
    "criteria": {
      "has_stone": "2024-11-13 00:09:32 +0000"
    },
    "done": true
  },
  "minecraft:recipes/building_blocks/chiseled_stone_bricks_stone_from_stonecutting": {
    "criteria": {
      "has_stone": "2024-11-13 00:09:32 +0000"
    },
    "done": true
  },
  "minecraft:recipes/building_blocks/stone_stairs": {
    "criteria": {
      "has_stone": "2024-11-13 00:09:32 +0000"
    },
    "done": true
  },
  "minecraft:adventure/avoid_vibration": {
    "criteria": {
      "avoid_vibration": "2024-11-13 00:13:51 +0000"
    },
    "done": true
  },
  "minecraft:recipes/building_blocks/raw_iron_block": {
    "criteria": {
      "has_raw_iron": "2024-11-13 00:14:03 +0000"
    },
    "done": true
  },
  "minecraft:recipes/misc/iron_ingot_from_smelting_raw_iron": {
    "criteria": {
      "has_raw_iron": "2024-11-13 00:14:03 +0000"
    },
    "done": true
  },
  "minecraft:recipes/misc/iron_ingot_from_blasting_raw_iron": {
    "criteria": {
      "has_raw_iron": "2024-11-13 00:14:03 +0000"
    },
    "done": true
  },
  "minecraft:recipes/decorations/fletching_table": {
    "criteria": {
      "has_flint": "2024-11-13 00:14:04 +0000"
    },
    "done": true
  },
  "minecraft:recipes/combat/arrow": {
    "criteria": {
      "has_flint": "2024-11-13 00:14:04 +0000"
    },
    "done": true
  },
  "minecraft:recipes/tools/flint_and_steel": {
    "criteria": {
      "has_flint": "2024-11-13 00:14:04 +0000"
    },
    "done": true
  },
  "scguns:main/blackpowder/flintlock_pistol": {
    "criteria": {
      "flintlock_pistol": "2024-11-13 00:14:35 +0000"
    },
    "done": true
  },
  "scguns:main/gunpowder": {
    "criteria": {
      "gunpowder": "2024-11-13 00:14:37 +0000"
    },
    "done": true
  },
  "minecraft:recipes/misc/firework_rocket_simple": {
    "criteria": {
      "has_gunpowder": "2024-11-13 00:14:37 +0000"
    },
    "done": true
  },
  "minecraft:recipes/redstone/tnt": {
    "criteria": {
      "has_gunpowder": "2024-11-13 00:14:37 +0000"
    },
    "done": true
  },
  "vampirism:recipes/misc/vampire/blood_bottle_to_glass": {
    "criteria": {
      "has_blood_bottle": "2024-11-13 00:21:17 +0000"
    },
    "done": true
  },
  "scguns:main/peal": {
    "criteria": {
      "peal": "2024-11-13 00:22:20 +0000"
    },
    "done": true
  },
  "minecraft:recipes/tools/recovery_compass": {
    "criteria": {
      "has_echo_shard": "2024-11-13 00:22:21 +0000"
    },
    "done": true
  },
  "minecraft:recipes/building_blocks/coal_block": {
    "criteria": {
      "has_coal": "2024-11-13 00:22:22 +0000"
    },
    "done": true
  },
  "minecraft:recipes/decorations/campfire": {
    "criteria": {
      "has_coal": "2024-11-13 00:22:22 +0000"
    },
    "done": true
  },
  "minecraft:recipes/misc/mojang_banner_pattern": {
    "criteria": {
      "has_enchanted_golden_apple": "2024-11-13 00:22:38 +0000"
    },
    "done": true
  },
  "scguns:main/deep_dark_blueprint": {
    "criteria": {
      "deep_dark_blueprint": "2024-11-13 00:23:13 +0000"
    },
    "done": true
  },
  "minecraft:recipes/misc/ward_armor_trim_smithing_template_smithing_trim": {
    "criteria": {
      "has_smithing_trim_template": "2024-11-13 00:23:25 +0000"
    },
    "done": true
  },
  "minecraft:recipes/misc/ward_armor_trim_smithing_template": {
    "criteria": {
      "has_ward_armor_trim_smithing_template": "2024-11-13 00:23:25 +0000"
    },
    "done": true
  },
  "scguns:main/iron/greaser_smg": {
    "criteria": {
      "greaser_smg": "2024-11-13 00:23:28 +0000"
    },
    "done": true
  },
  "artifacts:amateur_archaeologist": {
    "criteria": {
      "find_artifact": "2024-11-13 00:23:46 +0000"
    },
    "done": true
  },
  "minecraft:recipes/decorations/soul_lantern": {
    "criteria": {
      "has_soul_torch": "2024-11-13 00:23:47 +0000"
    },
    "done": true
  },
  "minecraft:recipes/misc/music_disc_5": {
    "criteria": {
      "has_disc_fragment_5": "2024-11-13 00:25:42 +0000"
    },
    "done": true
  },
  "minecraft:recipes/tools/spyglass": {
    "criteria": {
      "has_amethyst_shard": "2024-11-13 00:26:21 +0000"
    },
    "done": true
  },
  "minecraft:recipes/redstone/calibrated_sculk_sensor": {
    "criteria": {
      "has_amethyst_shard": "2024-11-13 00:26:21 +0000"
    },
    "done": true
  },
  "minecraft:recipes/building_blocks/tinted_glass": {
    "criteria": {
      "has_amethyst_shard": "2024-11-13 00:26:21 +0000"
    },
    "done": true
  },
  "minecraft:recipes/building_blocks/amethyst_block": {
    "criteria": {
      "has_amethyst_shard": "2024-11-13 00:26:21 +0000"
    },
    "done": true
  },
  "minecraft:story/obtain_armor": {
    "criteria": {
      "iron_leggings": "2024-11-13 00:27:31 +0000"
    },
    "done": true
  },
  "scguns:main/diamond_steel_blueprint": {
    "criteria": {
      "diamond_steel_blueprint": "2024-11-13 00:30:10 +0000"
    },
    "done": true
  },
  "vampirism:recipes/decorations/vampire/altar_inspiration": {
    "criteria": {
      "has_blood_container": "2024-11-13 00:33:25 +0000"
    },
    "done": true
  },
  "scguns:main/craft_powered_macerator": {
    "criteria": {
      "powered_macerator": "2024-11-13 00:36:37 +0000"
    },
    "done": true
  },
  "scguns:main/craft_powered_stamping_press": {
    "criteria": {
      "powered_stamping_press": "2024-11-13 00:36:43 +0000"
    },
    "done": true
  },
  "scguns:main/craft_gun_bench": {
    "criteria": {
      "gun_bench": "2024-11-13 00:36:50 +0000"
    },
    "done": true
  },
  "scguns:main/craft_polar_generator": {
    "criteria": {
      "polar_generator": "2024-11-13 00:36:51 +0000"
    },
    "done": true
  },
  "scguns:main/craft_lightning_battery": {
    "criteria": {
      "lightning_battery": "2024-11-13 00:36:52 +0000"
    },
    "done": true
  },
  "scguns:main/craft_small_casing_mold": {
    "criteria": {
      "small_casing_mold": "2024-11-13 00:40:58 +0000"
    },
    "done": true
  },
  "scguns:main/craft_medium_casing_mold": {
    "criteria": {
      "medium_casing_mold": "2024-11-13 00:40:59 +0000"
    },
    "done": true
  },
  "scguns:main/craft_large_casing_mold": {
    "criteria": {
      "large_casing_mold": "2024-11-13 00:41:00 +0000"
    },
    "done": true
  },
  "scguns:main/craft_bullet_mold": {
    "criteria": {
      "bullet_mold": "2024-11-13 00:41:11 +0000"
    },
    "done": true
  },
  "scguns:main/craft_gun_parts_mold": {
    "criteria": {
      "gun_parts_mold": "2024-11-13 00:41:12 +0000"
    },
    "done": true
  },
  "scguns:main/craft_disc_mold": {
    "criteria": {
      "disc_mold": "2024-11-13 00:41:13 +0000"
    },
    "done": true
  },
  "scguns:main/deep_dark/whispers": {
    "criteria": {
      "whispers": "2024-11-13 00:42:05 +0000"
    },
    "done": true
  },
  "scguns:main/deep_dark/sculk_resonator": {
    "criteria": {
      "sculk_resonator": "2024-11-13 00:42:06 +0000"
    },
    "done": true
  },
  "minecraft:story/enchant_item": {
    "criteria": {
      "enchanted_item": "2024-11-13 00:46:22 +0000"
    },
    "done": true
  },
  "minecraft:story/shiny_gear": {
    "criteria": {
      "diamond_chestplate": "2024-11-13 00:47:14 +0000"
    },
    "done": true
  },
  "minecraft:adventure/kill_all_mobs": {
    "criteria": {
      "minecraft:skeleton": "2024-11-13 00:49:11 +0000",
      "minecraft:creeper": "2024-11-13 01:11:54 +0000",
      "minecraft:enderman": "2024-11-13 01:10:07 +0000",
      "minecraft:zombie": "2024-11-13 00:48:56 +0000"
    },
    "done": false
  },
  "minecraft:adventure/kill_a_mob": {
    "criteria": {
      "minecraft:zombie": "2024-11-13 00:48:56 +0000"
    },
    "done": true
  },
  "born_in_chaos_v1:exorcism": {
    "criteria": {
      "exorcism_0": "2024-11-13 00:49:11 +0000"
    },
    "done": true
  },
  "simplyswords:harbinger": {
    "criteria": {
      "requirement": "2024-11-13 00:51:08 +0000"
    },
    "done": true
  },
  "simplyswords:dormant_relic": {
    "criteria": {
      "requirement": "2024-11-13 00:51:13 +0000"
    },
    "done": true
  },
  "sons_of_sins:to_dust_you_shall_return": {
    "criteria": {
      "to_dust_you_shall_return": "2024-11-13 00:55:55 +0000"
    },
    "done": true
  },
  "minecraft:recipes/food/cooked_beef_from_smoking": {
    "criteria": {
      "has_beef": "2024-11-13 00:58:55 +0000"
    },
    "done": true
  },
  "farmersdelight:recipes/cooking/beef_stew": {
    "criteria": {
      "has_any_ingredient": "2024-11-13 00:58:55 +0000"
    },
    "done": true
  },
  "farmersdelight:recipes/cooking/pasta_with_meatballs": {
    "criteria": {
      "has_any_ingredient": "2024-11-13 00:58:55 +0000"
    },
    "done": true
  },
  "minecraft:recipes/food/cooked_beef": {
    "criteria": {
      "has_beef": "2024-11-13 00:58:55 +0000"
    },
    "done": true
  },
  "minecraft:recipes/food/cooked_beef_from_campfire_cooking": {
    "criteria": {
      "has_beef": "2024-11-13 00:58:55 +0000"
    },
    "done": true
  },
  "minecraft:story/root": {
    "criteria": {
      "crafting_table": "2024-11-13 00:59:48 +0000"
    },
    "done": true
  },
  "minecraft:recipes/decorations/smoker": {
    "criteria": {
      "has_furnace": "2024-11-13 00:59:52 +0000"
    },
    "done": true
  },
  "sons_of_sins:freddys_favorite_alloy": {
    "criteria": {
      "freddys_favorite_alloy": "2024-11-13 01:01:56 +0000"
    },
    "done": true
  },
  "minecraft:adventure/sleep_in_bed": {
    "criteria": {
      "slept_in_bed": "2024-11-13 01:03:30 +0000"
    },
    "done": true
  },
  "alexsmobs:alexsmobs/root": {
    "criteria": {
      "useitem": "2024-11-13 01:04:25 +0000"
    },
    "done": true
  },
  "minecraft:husbandry/root": {
    "criteria": {
      "consumed_item": "2024-11-13 01:04:25 +0000"
    },
    "done": true
  },
  "farmersdelight:recipes/cooking/squid_ink_pasta": {
    "criteria": {
      "has_any_ingredient": "2024-11-13 01:04:56 +0000"
    },
    "done": true
  },
  "minecraft:recipes/misc/black_dye": {
    "criteria": {
      "has_ink_sac": "2024-11-13 01:04:56 +0000"
    },
    "done": true
  },
  "alexsmobs:alexsmobs/lost_tentacle": {
    "criteria": {
      "capsid": "2024-11-13 01:07:24 +0000"
    },
    "done": true
  },
  "minecraft:recipes/decorations/ladder": {
    "criteria": {
      "has_stick": "2024-11-13 01:08:08 +0000"
    },
    "done": true
  },
  "vampirism:recipes/combat/hunter/stake": {
    "criteria": {
      "has_sticks": "2024-11-13 01:08:08 +0000"
    },
    "done": true
  },
  "farmersdelight:recipes/combat/flint_knife": {
    "criteria": {
      "has_stick": "2024-11-13 01:08:08 +0000"
    },
    "done": true
  },
  "minecraft:recipes/tools/wooden_axe": {
    "criteria": {
      "has_stick": "2024-11-13 01:08:08 +0000"
    },
    "done": true
  },
  "vampirism:recipes/decorations/general/throne": {
    "criteria": {
      "has_stick": "2024-11-13 01:08:08 +0000"
    },
    "done": true
  },
  "portablemobs:recipes/misc/basic_capture_cell": {
    "criteria": {
      "recipe_condition": "2024-11-13 01:08:08 +0000"
    },
    "done": true
  },
  "minecraft:recipes/tools/wooden_hoe": {
    "criteria": {
      "has_stick": "2024-11-13 01:08:08 +0000"
    },
    "done": true
  },
  "minecraft:recipes/tools/wooden_pickaxe": {
    "criteria": {
      "has_stick": "2024-11-13 01:08:08 +0000"
    },
    "done": true
  },
  "minecraft:recipes/tools/wooden_shovel": {
    "criteria": {
      "has_stick": "2024-11-13 01:08:08 +0000"
    },
    "done": true
  },
  "vampirism:recipes/combat/hunter/crucifix": {
    "criteria": {
      "stick": "2024-11-13 01:08:08 +0000"
    },
    "done": true
  },
  "minecraft:recipes/combat/wooden_sword": {
    "criteria": {
      "has_stick": "2024-11-13 01:08:08 +0000"
    },
    "done": true
  },
  "farmersdelight:recipes/decorations/cutting_board": {
    "criteria": {
      "has_stick": "2024-11-13 01:08:08 +0000"
    },
    "done": true
  },
  "vampirism:recipes/alchemy_table/alchemy_table/plant_oil": {
    "criteria": {
      "has_bottles": "2024-11-13 01:08:39 +0000"
    },
    "done": true
  },
  "vampirism:recipes/decorations/general/vampire_rack": {
    "criteria": {
      "has_potion": "2024-11-13 01:08:39 +0000"
    },
    "done": true
  },
  "vampirism:recipes/decorations/hunter/potion_table": {
    "criteria": {
      "has_glass_bottle": "2024-11-13 01:08:39 +0000"
    },
    "done": true
  },
  "sons_of_sins:its_morbin_time": {
    "criteria": {
      "its_morbin_time": "2024-11-13 01:08:49 +0000"
    },
    "done": true
  },
  "sons_of_sins:slice_all": {
    "criteria": {
      "slice_all": "2024-11-13 01:08:55 +0000"
    },
    "done": true
  },
  "born_in_chaos_v1:the_wind_darkening": {
    "criteria": {
      "the_wind_darkening_0": "2024-11-13 01:09:44 +0000"
    },
    "done": true
  },
  "born_in_chaos_v1:big_boy": {
    "criteria": {
      "big_boy_0": "2024-11-13 01:10:26 +0000"
    },
    "done": true
  },
  "minecraft:recipes/misc/white_dye": {
    "criteria": {
      "has_bone_meal": "2024-11-13 01:11:05 +0000"
    },
    "done": true
  },
  "minecraft:recipes/building_blocks/bone_block": {
    "criteria": {
      "has_bone_meal": "2024-11-13 01:11:05 +0000"
    },
    "done": true
  },
  "born_in_chaos_v1:fighting_nightmares": {
    "criteria": {
      "fighting_nightmares_0": "2024-11-14 00:43:23 +0000"
    },
    "done": true
  },
  "DataVersion": 3465
}